method,quantization_mean,quantization_stdev,silhouette_mean,silhouette_stdev,sse_mean,sse_stdev
K-Means++,2.7082928655,0.0,0.4221052568,0.0,22.0243630757,0.0
PSO,2.8964455008,0.1117984798,0.3781104596,0.0632434138,28.6959699133,5.6574814617
PSO Hybrid,2.7076448867,8.55799e-05,0.4221267624,0.0,22.0273396303,0.0014085896
